AirlineCode,AirlineID,SourceAirportCode,SourceAirportID,DestinationAirportCode,DestinationAirportID,CodeShare,Stops,Equipments
AL6,AL6,ACX,7506,NAY,6341,Y,0,737
AL6,AL6,ACX,7506,PVG,3406,,0,319
AL6,AL6,AKL,2006,MEL,3339,Y,0,73H
AL6,AL6,AKL,2006,SYD,3361,Y,0,73H
AL6,AL6,AMS,580,BCN,1218,,0,737
AL6,AL6,AMS,580,BLQ,1538,,0,EMJ
AL6,AL6,AMS,580,CDG,1382,Y,0,737
AL6,AL6,AMS,580,CPH,609,,0,EMJ 737 F70
AL6,AL6,AMS,580,FCO,1555,,0,737
AL6,AL6,AMS,580,FRA,340,Y,0,EMJ F70
AL6,AL6,AMS,580,LHR,507,Y,0,737 F70
AL6,AL6,AMS,580,MAD,1229,,0,737
AL6,AL6,AMS,580,PVG,3406,Y,0,74M
AL6,AL6,AOG,9844,PVG,3406,Y,0,737
AL6,AL6,AQG,6427,SHA,3391,,0,EMB
AL6,AL6,AQG,6427,WUH,3376,,0,EMB
AL6,AL6,AVA,9849,NAY,6341,Y,0,737
AL6,AL6,BAV,6346,NAY,6341,Y,0,737
AL6,AL6,BAV,6346,NKG,3388,,0,320
AL6,AL6,BAV,6346,SHA,3391,Y,0,738 737
AL6,AL6,BAV,6346,SJW,6347,Y,0,737
AL6,AL6,BCN,1218,AMS,580,,0,737
AL6,AL6,BFJ,9025,NAY,6341,Y,0,737
AL6,AL6,BHY,6351,KMG,3382,,0,737
AL6,AL6,BHY,6351,PVG,3406,,0,320
AL6,AL6,BKK,3885,CTU,3395,,0,320
AL6,AL6,BKK,3885,KMG,3382,,0,737
AL6,AL6,BKK,3885,NGB,3387,,0,320
AL6,AL6,BKK,3885,PVG,3406,,0,333 320 332
AL6,AL6,BLQ,1538,AMS,580,,0,EMJ
AL6,AL6,BNE,3320,SIN,3316,Y,0,744
AL6,AL6,BSD,7505,KMG,3382,,0,733
AL6,AL6,CAN,3370,HFE,3389,,0,320
AL6,AL6,CAN,3370,HGH,3386,,0,320
AL6,AL6,CAN,3370,HIA,7898,,0,320
AL6,AL6,CAN,3370,HYN,6384,,0,733
AL6,AL6,CAN,3370,KHN,3384,,0,320
AL6,AL6,CAN,3370,KMG,3382,,0,737 733
AL6,AL6,CAN,3370,LHW,3378,,0,738
AL6,AL6,CAN,3370,LJG,4033,,0,737
AL6,AL6,CAN,3370,LUM,6376,,0,737
AL6,AL6,CAN,3370,NAY,6341,Y,0,737
AL6,AL6,CAN,3370,NGB,3387,,0,738 320
AL6,AL6,CAN,3370,NKG,3388,,0,320
AL6,AL6,CAN,3370,NRT,2279,Y,0,767
AL6,AL6,CAN,3370,PVG,3406,,0,738
AL6,AL6,CAN,3370,SHA,3391,,0,738 321 333 AB6
AL6,AL6,CAN,3370,TAO,3390,,0,320
AL6,AL6,CAN,3370,TNA,4108,,0,320
AL6,AL6,CAN,3370,TYN,3369,,0,737
AL6,AL6,CAN,3370,WNZ,6392,,0,733 738 320 737
AL6,AL6,CAN,3370,WUH,3376,,0,738 73G
AL6,AL6,CAN,3370,WUX,6390,,0,E90 320 321
AL6,AL6,CAN,3370,XIY,3379,,0,320
AL6,AL6,CAN,3370,XMN,3383,Y,0,738
AL6,AL6,CCU,3043,KMG,3382,,0,737
AL6,AL6,CDG,1382,AMS,580,Y,0,737
AL6,AL6,CDG,1382,PEK,3364,Y,0,772 77W
AL6,AL6,CDG,1382,PVG,3406,,0,332
AL6,AL6,CEI,3932,KMG,3382,,0,737
AL6,AL6,CGK,3275,PVG,3406,,0,777
AL6,AL6,CGO,3375,DLC,3404,,0,737
AL6,AL6,CGO,3375,HGH,3386,,0,320
AL6,AL6,CGO,3375,INC,4085,,0,320
AL6,AL6,CGO,3375,KMG,3382,,0,733 737
AL6,AL6,CGO,3375,NGB,3387,,0,320
AL6,AL6,CGO,3375,NKG,3388,,0,320
AL6,AL6,CGO,3375,PVG,3406,,0,320 738
AL6,AL6,CGO,3375,SHA,3391,,0,738 737 320 321
AL6,AL6,CGO,3375,URC,3399,,0,320
AL6,AL6,CGO,3375,XNN,6366,,0,320
AL6,AL6,CGQ,4380,PEK,3364,,0,320
AL6,AL6,CGQ,4380,PVG,3406,,0,320
AL6,AL6,CGQ,4380,XIY,3379,,0,320
AL6,AL6,CHC,2009,SYD,3361,Y,0,73H
AL6,AL6,CHG,6772,DLC,3404,,0,319
AL6,AL6,CIF,6342,HET,6345,,0,320
AL6,AL6,CIF,6342,HRB,3400,,0,320
AL6,AL6,CIF,6342,NAY,6341,Y,0,737
AL6,AL6,CIF,6342,NKG,3388,,0,320
AL6,AL6,CIF,6342,TSN,3368,,0,320
AL6,AL6,CIH,6343,NAY,6341,Y,0,737
AL6,AL6,CIH,6343,TYN,3369,,0,EMB
AL6,AL6,CIH,6343,WUH,3376,,0,EMB
AL6,AL6,CJJ,6008,HGH,3386,Y,0,739
AL6,AL6,CJU,2370,NGB,3387,,0,320
AL6,AL6,CJU,2370,PEK,3364,,0,321
AL6,AL6,CJU,2370,PVG,3406,,0,738
AL6,AL6,CJU,2370,WNZ,6392,,0,320
AL6,AL6,CKG,3393,CZX,4109,,0,320
AL6,AL6,CKG,3393,HFE,3389,,0,320
AL6,AL6,CKG,3393,KMG,3382,,0,320 738
AL6,AL6,CKG,3393,NAY,6341,Y,0,737
AL6,AL6,CKG,3393,NGB,3387,,0,320
AL6,AL6,CKG,3393,NKG,3388,,0,320
AL6,AL6,CKG,3393,PVG,3406,,0,320 321 346
AL6,AL6,CKG,3393,SHA,3391,,0,321 738
AL6,AL6,CKG,3393,TNA,4108,,0,320
AL6,AL6,CKG,3393,TXN,6387,Y,0,737
AL6,AL6,CKG,3393,TYN,3369,,0,738
AL6,AL6,CKG,3393,WNZ,6392,,0,320
AL6,AL6,CKG,3393,WUX,6390,,0,320
AL6,AL6,CKG,3393,XIY,3379,,0,320 319
AL6,AL6,CKG,3393,XNN,6366,,0,320
AL6,AL6,CKG,3393,ZAT,6378,,0,733
AL6,AL6,CMB,3024,KMG,3382,,0,737
AL6,AL6,CMB,3024,MLE,3156,,0,737
AL6,AL6,CNX,3931,KMG,3382,,0,737
AL6,AL6,CNX,3931,PVG,3406,,0,320
AL6,AL6,CPH,609,AMS,580,,0,737 EMJ F70
AL6,AL6,CSX,3371,ICN,3930,,0,332
AL6,AL6,CSX,3371,KMG,3382,,0,320 733 319
AL6,AL6,CSX,3371,KWE,3394,,0,320
AL6,AL6,CSX,3371,LZH,6356,,0,319
AL6,AL6,CSX,3371,NAY,6341,Y,0,737
AL6,AL6,CSX,3371,NGB,3387,,0,320
AL6,AL6,CSX,3371,NKG,3388,,0,320 319
AL6,AL6,CSX,3371,PVG,3406,,0,320 321
AL6,AL6,CSX,3371,SHA,3391,,0,738 321
AL6,AL6,CSX,3371,WUX,6390,,0,320
AL6,AL6,CSX,3371,XIY,3379,,0,320
AL6,AL6,CSX,3371,YNZ,6393,,0,733
AL6,AL6,CTS,2287,PVG,3406,,0,321 320
AL6,AL6,CTU,3395,BKK,3885,,0,320
AL6,AL6,CTU,3395,CZX,4109,,0,320
AL6,AL6,CTU,3395,DCY,9310,,0,319
AL6,AL6,CTU,3395,DIG,6375,,0,737
AL6,AL6,CTU,3395,DLU,4054,,0,737
AL6,AL6,CTU,3395,HFE,3389,,0,320
AL6,AL6,CTU,3395,HGH,3386,,0,320
AL6,AL6,CTU,3395,JZH,4301,,0,319 737
AL6,AL6,CTU,3395,KGT,8921,,0,319
AL6,AL6,CTU,3395,KHN,3384,,0,738
AL6,AL6,CTU,3395,KMG,3382,,0,737 733
AL6,AL6,CTU,3395,LHW,3378,,0,738 320
AL6,AL6,CTU,3395,LXA,4097,,0,319
AL6,AL6,CTU,3395,NAY,6341,Y,0,737
AL6,AL6,CTU,3395,NGB,3387,,0,319
AL6,AL6,CTU,3395,NKG,3388,,0,320
AL6,AL6,CTU,3395,PVG,3406,,0,319 738 320 321
AL6,AL6,CTU,3395,SHA,3391,,0,738 767
AL6,AL6,CTU,3395,TAO,3390,,0,320
AL6,AL6,CTU,3395,TNA,4108,,0,319
AL6,AL6,CTU,3395,TXN,6387,Y,0,737
AL6,AL6,CTU,3395,TYN,3369,,0,738
AL6,AL6,CTU,3395,WUH,3376,,0,733
AL6,AL6,CTU,3395,WUX,6390,,0,320 321
AL6,AL6,CTU,3395,XIY,3379,,0,321 320
AL6,AL6,CTU,3395,XNN,6366,,0,320
AL6,AL6,CZX,4109,CKG,3393,,0,320
AL6,AL6,CZX,4109,CTU,3395,,0,320
AL6,AL6,CZX,4109,DLC,3404,,0,320
AL6,AL6,CZX,4109,DYG,6353,,0,320
AL6,AL6,CZX,4109,KWL,3372,,0,320
AL6,AL6,CZX,4109,NAY,6341,Y,0,737
AL6,AL6,CZX,4109,PEK,3364,,0,320
AL6,AL6,CZX,4109,SZX,3374,,0,320
AL6,AL6,CZX,4109,XIY,3379,,0,320
AL6,AL6,CZX,4109,XMN,3383,,0,320
AL6,AL6,DAC,3076,KMG,3382,,0,737
AL6,AL6,DAD,3196,KMG,3382,,0,737
AL6,AL6,DAT,6344,NAY,6341,Y,0,737
AL6,AL6,DAT,6344,PVG,3406,,0,319
AL6,AL6,DAX,6397,PVG,3406,,0,319
AL6,AL6,DCY,9310,CTU,3395,,0,319
AL6,AL6,DDG,6433,TAO,3390,Y,0,737
AL6,AL6,DEL,3093,PVG,3406,,0,332
AL6,AL6,DIG,6375,CTU,3395,,0,737
AL6,AL6,DIG,6375,JHG,3381,,0,737
AL6,AL6,DIG,6375,KMG,3382,,0,737
AL6,AL6,DIG,6375,LXA,4097,,0,737
AL6,AL6,DLC,3404,CGO,3375,,0,737
AL6,AL6,DLC,3404,CHG,6772,,0,319
AL6,AL6,DLC,3404,CZX,4109,,0,320
AL6,AL6,DLC,3404,KMG,3382,,0,737
AL6,AL6,DLC,3404,LDS,9848,,0,320
AL6,AL6,DLC,3404,LYA,4148,,0,733
AL6,AL6,DLC,3404,LYG,6383,,0,EMB
AL6,AL6,DLC,3404,NKG,3388,,0,320
AL6,AL6,DLC,3404,NRT,2279,Y,0,767
AL6,AL6,DLC,3404,PEK,3364,,0,321 320
AL6,AL6,DLC,3404,PVG,3406,,0,320 738 319
AL6,AL6,DLC,3404,TAO,3390,,0,738
AL6,AL6,DLC,3404,XIY,3379,,0,320
AL6,AL6,DLU,4054,CTU,3395,,0,737
AL6,AL6,DLU,4054,JHG,3381,,0,737
AL6,AL6,DLU,4054,KMG,3382,,0,737 733
AL6,AL6,DNH,4308,XIY,3379,,0,320
AL6,AL6,DPS,3940,PVG,3406,,0,332
AL6,AL6,DQA,9845,TAO,3390,,0,320
AL6,AL6,DSN,6434,HRB,3400,,0,733
AL6,AL6,DSN,6434,KMG,3382,,0,733
AL6,AL6,DSN,6434,NAY,6341,Y,0,737
AL6,AL6,DSN,6434,XIY,3379,,0,320
AL6,AL6,DTW,3645,PEK,3364,Y,0,777
AL6,AL6,DTW,3645,PVG,3406,Y,0,77L 777
AL6,AL6,DXB,2188,KMG,3382,,0,333
AL6,AL6,DYG,6353,CZX,4109,,0,320
AL6,AL6,DYG,6353,NKG,3388,,0,320
AL6,AL6,DYG,6353,PVG,3406,,0,320
AL6,AL6,DYG,6353,XIY,3379,,0,320
AL6,AL6,ENH,6358,WUH,3376,,0,738
AL6,AL6,ENY,6367,NAY,6341,Y,0,737
AL6,AL6,ENY,6367,XIY,3379,,0,320
AL6,AL6,FCO,1555,AMS,580,,0,737
AL6,AL6,FCO,1555,PVG,3406,,0,332
AL6,AL6,FOC,3385,KMG,3382,,0,737
AL6,AL6,FOC,3385,NKG,3388,,0,738
AL6,AL6,FOC,3385,PVG,3406,,0,321 320 319
AL6,AL6,FOC,3385,SHA,3391,Y,0,738
AL6,AL6,FOC,3385,XIY,3379,,0,320
AL6,AL6,FRA,340,AMS,580,Y,0,EMJ
AL6,AL6,FRA,340,PVG,3406,,0,332
AL6,AL6,FSZ,6476,PVG,3406,,0,738 320
AL6,AL6,FUG,7503,SHA,3391,Y,0,737
AL6,AL6,FUK,2305,PVG,3406,,0,320 738
AL6,AL6,FUK,2305,TAO,3390,,0,319
AL6,AL6,FUO,7457,NAY,6341,Y,0,737
AL6,AL6,GMP,2378,SHA,3391,,0,321
AL6,AL6,GOQ,6363,XIY,3379,,0,319
AL6,AL6,GOQ,6363,XNN,6366,,0,319
AL6,AL6,HAK,4120,KHN,3384,,0,320
AL6,AL6,HAK,4120,KMG,3382,,0,320
AL6,AL6,HAK,4120,PVG,3406,,0,320
AL6,AL6,HAN,3199,NNG,3373,,0,737
AL6,AL6,HAN,3199,PVG,3406,Y,0,321
AL6,AL6,HDG,8407,PVG,3406,,0,320
AL6,AL6,HDG,8407,SHA,3391,,0,320 737
AL6,AL6,HET,6345,CIF,6342,,0,320
AL6,AL6,HET,6345,HLD,3366,Y,0,738
AL6,AL6,HET,6345,HLH,6349,,0,737
AL6,AL6,HET,6345,NAY,6341,Y,0,737
AL6,AL6,HET,6345,NKG,3388,,0,320
AL6,AL6,HET,6345,SHA,3391,,0,320
AL6,AL6,HET,6345,SJW,6347,,0,319 320
AL6,AL6,HET,6345,TGO,6348,,0,320
AL6,AL6,HET,6345,TYN,3369,,0,737
AL6,AL6,HET,6345,WUA,6955,,0,320
AL6,AL6,HET,6345,XIL,6350,,0,320
AL6,AL6,HET,6345,XIY,3379,,0,320
AL6,AL6,HFE,3389,CAN,3370,,0,320
AL6,AL6,HFE,3389,CKG,3393,,0,320
AL6,AL6,HFE,3389,CTU,3395,,0,320
AL6,AL6,HFE,3389,HKG,3077,,0,320
AL6,AL6,HFE,3389,KMG,3382,,0,320 737
AL6,AL6,HFE,3389,KWL,3372,,0,320
AL6,AL6,HFE,3389,PEK,3364,,0,320
AL6,AL6,HFE,3389,PVG,3406,,0,320
AL6,AL6,HFE,3389,TAO,3390,,0,320
AL6,AL6,HFE,3389,TPE,2276,,0,320
AL6,AL6,HFE,3389,TXN,6387,,0,320
AL6,AL6,HFE,3389,XIY,3379,,0,320
AL6,AL6,HFE,3389,XMN,3383,,0,320
AL6,AL6,HGH,3386,CAN,3370,,0,320
AL6,AL6,HGH,3386,CGO,3375,,0,320
AL6,AL6,HGH,3386,CJJ,6008,Y,0,739
AL6,AL6,HGH,3386,CTU,3395,,0,320
AL6,AL6,HGH,3386,HKG,3077,,0,320 332
AL6,AL6,HGH,3386,HKT,3179,,0,320
AL6,AL6,HGH,3386,KMG,3382,,0,320
AL6,AL6,HGH,3386,LYG,6383,,0,EMB
AL6,AL6,HGH,3386,LYI,6385,,0,320
AL6,AL6,HGH,3386,LZO,6399,,0,737
AL6,AL6,HGH,3386,PEK,3364,,0,320 321
AL6,AL6,HGH,3386,SJW,6347,Y,0,737
AL6,AL6,HGH,3386,SWA,4302,,0,320
AL6,AL6,HGH,3386,TAO,3390,,0,320
AL6,AL6,HGH,3386,TYN,3369,,0,320 737
AL6,AL6,HGH,3386,WUH,3376,,0,320
AL6,AL6,HGH,3386,XIY,3379,,0,321 320
AL6,AL6,HGH,3386,XMN,3383,,0,320 EMB
AL6,AL6,HIA,7898,CAN,3370,,0,320
AL6,AL6,HIA,7898,HKG,3077,,0,320
AL6,AL6,HIA,7898,PEK,3364,,0,320
AL6,AL6,HIA,7898,SHA,3391,,0,320
AL6,AL6,HIJ,2326,PVG,3406,,0,320
AL6,AL6,HKG,3077,HFE,3389,,0,320
AL6,AL6,HKG,3077,HGH,3386,,0,332 320
AL6,AL6,HKG,3077,HIA,7898,,0,320
AL6,AL6,HKG,3077,INC,4085,,0,320
AL6,AL6,HKG,3077,KHN,3384,,0,320
AL6,AL6,HKG,3077,KMG,3382,,0,737
AL6,AL6,HKG,3077,LJG,4033,,0,737
AL6,AL6,HKG,3077,LYG,6383,,0,320
AL6,AL6,HKG,3077,NGB,3387,,0,320
AL6,AL6,HKG,3077,NKG,3388,,0,332 321
AL6,AL6,HKG,3077,PVG,3406,,0,320 332 321
AL6,AL6,HKG,3077,SHA,3391,,0,332
AL6,AL6,HKG,3077,TNA,4108,,0,319
AL6,AL6,HKG,3077,TYN,3369,,0,738
AL6,AL6,HKG,3077,WNZ,6392,,0,738
AL6,AL6,HKG,3077,WUX,6390,,0,320
AL6,AL6,HKG,3077,XIY,3379,,0,320
AL6,AL6,HKG,3077,YNT,3392,,0,320
AL6,AL6,HKG,3077,YNZ,6393,,0,320
AL6,AL6,HKT,3179,HGH,3386,,0,320
AL6,AL6,HKT,3179,KMG,3382,,0,737
AL6,AL6,HKT,3179,PVG,3406,Y,0,757 738
AL6,AL6,HLD,3366,HET,6345,Y,0,738
AL6,AL6,HLD,3366,NAY,6341,Y,0,737
AL6,AL6,HLH,6349,HET,6345,,0,737
AL6,AL6,HLH,6349,NAY,6341,Y,0,737
AL6,AL6,HMI,6743,PVG,3406,,0,320
AL6,AL6,HMI,6743,URC,3399,,0,320
AL6,AL6,HND,2359,PEK,3364,Y,0,767
AL6,AL6,HND,2359,SHA,3391,,0,321
AL6,AL6,HNL,3728,PVG,3406,,0,332
AL6,AL6,HRB,3400,CIF,6342,,0,320
AL6,AL6,HRB,3400,DSN,6434,,0,733
AL6,AL6,HRB,3400,JGD,8979,,0,320
AL6,AL6,HRB,3400,JNG,6944,,0,737
AL6,AL6,HRB,3400,NAY,6341,Y,0,737
AL6,AL6,HRB,3400,PEK,3364,,0,320 321
AL6,AL6,HRB,3400,PVG,3406,,0,320 321 319
AL6,AL6,HRB,3400,TAO,3390,,0,321 320
AL6,AL6,HRB,3400,TGO,6348,,0,320
AL6,AL6,HRB,3400,XIY,3379,,0,320
AL6,AL6,HRB,3400,YNT,3392,,0,320
AL6,AL6,HSN,6395,NAY,6341,Y,0,737
AL6,AL6,HSN,6395,PVG,3406,,0,319
AL6,AL6,HTN,3398,URC,3399,Y,0,738
AL6,AL6,HYN,6384,CAN,3370,,0,733
AL6,AL6,HZH,7508,KWE,3394,,0,319
AL6,AL6,ICN,3930,CSX,3371,,0,332
AL6,AL6,ICN,3930,KMG,3382,,0,320
AL6,AL6,ICN,3930,KWL,3372,,0,320
AL6,AL6,ICN,3930,NKG,3388,,0,321 320
AL6,AL6,ICN,3930,PVG,3406,,0,332 321
AL6,AL6,ICN,3930,TAO,3390,,0,320
AL6,AL6,ICN,3930,WUH,3376,Y,0,73J
AL6,AL6,ICN,3930,XIY,3379,Y,0,332
AL6,AL6,ICN,3930,YNT,3392,,0,320
AL6,AL6,INC,4085,CGO,3375,,0,320
AL6,AL6,INC,4085,HKG,3077,,0,320
AL6,AL6,INC,4085,KMG,3382,,0,737
AL6,AL6,INC,4085,NKG,3388,,0,320
AL6,AL6,INC,4085,PEK,3364,,0,320
AL6,AL6,INC,4085,PVG,3406,,0,320
AL6,AL6,INC,4085,TPE,2276,,0,320
AL6,AL6,INC,4085,URC,3399,,0,320
AL6,AL6,INC,4085,XIY,3379,,0,320
AL6,AL6,IQN,6365,LHW,3378,Y,0,737
AL6,AL6,IQN,6365,NAY,6341,Y,0,737
AL6,AL6,JFK,3797,PVG,3406,,0,346
AL6,AL6,JGD,8979,HRB,3400,,0,320
AL6,AL6,JGN,6432,JIC,11473,Y,0,737
AL6,AL6,JGN,6432,LHW,3378,,0,320
AL6,AL6,JGN,6432,XIY,3379,,0,320
AL6,AL6,JGS,6428,SHA,3391,Y,0,738
AL6,AL6,JGS,6428,SZX,3374,,0,320
AL6,AL6,JGS,6428,XIY,3379,,0,320
AL6,AL6,JHG,3381,DIG,6375,,0,737
AL6,AL6,JHG,3381,DLU,4054,,0,737
AL6,AL6,JHG,3381,KMG,3382,,0,737 733 320
AL6,AL6,JHG,3381,LJG,4033,,0,737
AL6,AL6,JHG,3381,TCZ,7862,,0,733
AL6,AL6,JIC,11473,JGN,6432,Y,0,737
AL6,AL6,JIC,11473,NAY,6341,Y,0,737
AL6,AL6,JIQ,8781,KMG,3382,,0,737
AL6,AL6,JIQ,8781,PEK,3364,,0,737
AL6,AL6,JIU,6381,SHA,3391,,0,320
AL6,AL6,JMU,6411,TAO,3390,Y,0,737
AL6,AL6,JNG,6944,HRB,3400,,0,737
AL6,AL6,JNG,6944,KMG,3382,,0,733 737
AL6,AL6,JNG,6944,PEK,3364,,0,733
AL6,AL6,JNG,6944,SHA,3391,Y,0,737
AL6,AL6,JNZ,6412,PVG,3406,Y,0,737
AL6,AL6,JUH,9843,NAY,6341,Y,0,737
AL6,AL6,JUZ,6382,NAY,6341,Y,0,737
AL6,AL6,JXA,8417,PEK,3364,,0,320
AL6,AL6,JXA,8417,TAO,3390,Y,0,737
AL6,AL6,JZH,4301,CTU,3395,,0,319 737
AL6,AL6,JZH,4301,PVG,3406,,0,319
AL6,AL6,JZH,4301,XIY,3379,,0,319
AL6,AL6,KGT,8921,CTU,3395,,0,319
AL6,AL6,KHG,3397,NGQ,7932,,0,319
AL6,AL6,KHG,3397,URC,3399,,0,E90 320 73G
AL6,AL6,KHG,3397,XIY,3379,,0,319
AL6,AL6,KHH,2264,KHN,3384,,0,320
AL6,AL6,KHH,2264,NKG,3388,,0,321 320
AL6,AL6,KHH,2264,WUH,3376,,0,738
AL6,AL6,KHN,3384,CAN,3370,,0,320
AL6,AL6,KHN,3384,CTU,3395,,0,738
AL6,AL6,KHN,3384,HAK,4120,,0,320
AL6,AL6,KHN,3384,HKG,3077,,0,320
AL6,AL6,KHN,3384,KHH,2264,,0,320
AL6,AL6,KHN,3384,KMG,3382,,0,320 733
AL6,AL6,KHN,3384,KOW,6379,,0,EMB
AL6,AL6,KHN,3384,KWE,3394,,0,320
AL6,AL6,KHN,3384,NAY,6341,Y,0,737
AL6,AL6,KHN,3384,NGB,3387,,0,738
AL6,AL6,KHN,3384,NKG,3388,,0,320
AL6,AL6,KHN,3384,NNG,3373,,0,320
AL6,AL6,KHN,3384,PEK,3364,,0,320 321
AL6,AL6,KHN,3384,PVG,3406,,0,319 320
AL6,AL6,KHN,3384,SHA,3391,,0,320
AL6,AL6,KHN,3384,SZX,3374,,0,320
AL6,AL6,KHN,3384,TPE,2276,,0,320
AL6,AL6,KHN,3384,WUH,3376,,0,EMB
AL6,AL6,KHN,3384,XIY,3379,,0,320
AL6,AL6,KIJ,4381,PVG,3406,,0,319
AL6,AL6,KIX,3992,NKG,3388,,0,320
AL6,AL6,KIX,3992,PVG,3406,,0,321 738
AL6,AL6,KIX,3992,TAO,3390,,0,320
AL6,AL6,KIX,3992,YNT,3392,,0,320
AL6,AL6,KMG,3382,BHY,6351,,0,737
AL6,AL6,KMG,3382,BKK,3885,,0,737
AL6,AL6,KMG,3382,BSD,7505,,0,733
AL6,AL6,KMG,3382,CAN,3370,,0,737 733
AL6,AL6,KMG,3382,CCU,3043,,0,737
AL6,AL6,KMG,3382,CEI,3932,,0,737
AL6,AL6,KMG,3382,CGO,3375,,0,737 733
AL6,AL6,KMG,3382,CKG,3393,,0,320 738
AL6,AL6,KMG,3382,CMB,3024,,0,737
AL6,AL6,KMG,3382,CNX,3931,,0,737
AL6,AL6,KMG,3382,CSX,3371,,0,733 320 319
AL6,AL6,KMG,3382,CTU,3395,,0,737 733
AL6,AL6,KMG,3382,DAC,3076,,0,737
AL6,AL6,KMG,3382,DAD,3196,,0,737
AL6,AL6,KMG,3382,DIG,6375,,0,737
AL6,AL6,KMG,3382,DLC,3404,,0,737
AL6,AL6,KMG,3382,DLU,4054,,0,737 733
AL6,AL6,KMG,3382,DSN,6434,,0,733
AL6,AL6,KMG,3382,DXB,2188,,0,333
AL6,AL6,KMG,3382,FOC,3385,,0,737
AL6,AL6,KMG,3382,HAK,4120,,0,320
AL6,AL6,KMG,3382,HFE,3389,,0,737 320
AL6,AL6,KMG,3382,HGH,3386,,0,320
AL6,AL6,KMG,3382,HKG,3077,,0,737
AL6,AL6,KMG,3382,HKT,3179,,0,737
AL6,AL6,KMG,3382,ICN,3930,,0,320
AL6,AL6,KMG,3382,INC,4085,,0,737
AL6,AL6,KMG,3382,JHG,3381,,0,737 733 320
AL6,AL6,KMG,3382,JIQ,8781,,0,737
AL6,AL6,KMG,3382,JNG,6944,,0,733 737
AL6,AL6,KMG,3382,KHN,3384,,0,733 320
AL6,AL6,KMG,3382,KTM,3125,,0,737
AL6,AL6,KMG,3382,KWL,3372,,0,738 73G
AL6,AL6,KMG,3382,LHW,3378,,0,320
AL6,AL6,KMG,3382,LJG,4033,,0,733 737
AL6,AL6,KMG,3382,LLF,8845,,0,737
AL6,AL6,KMG,3382,LNJ,7527,,0,737 733
AL6,AL6,KMG,3382,LUM,6376,,0,733 737
AL6,AL6,KMG,3382,LXA,4097,,0,737
AL6,AL6,KMG,3382,LYA,4148,,0,733
AL6,AL6,KMG,3382,LZO,6399,,0,737
AL6,AL6,KMG,3382,MDL,3222,,0,738
AL6,AL6,KMG,3382,MFM,3121,,0,737
AL6,AL6,KMG,3382,MIG,6400,,0,737
AL6,AL6,KMG,3382,NAO,6401,,0,319
AL6,AL6,KMG,3382,NGB,3387,,0,320
AL6,AL6,KMG,3382,NKG,3388,,0,737
AL6,AL6,KMG,3382,NNG,3373,,0,737
AL6,AL6,KMG,3382,NYT,6949,,0,737
AL6,AL6,KMG,3382,PEK,3364,,0,333 737 733
AL6,AL6,KMG,3382,PVG,3406,,0,738 333
AL6,AL6,KMG,3382,REP,3035,,0,737
AL6,AL6,KMG,3382,RGN,3239,,0,737
AL6,AL6,KMG,3382,SHA,3391,,0,733 737 321
AL6,AL6,KMG,3382,SJW,6347,Y,0,737
AL6,AL6,KMG,3382,SYM,6377,,0,733 737
AL6,AL6,KMG,3382,SYX,4030,,0,733
AL6,AL6,KMG,3382,SZX,3374,,0,737 733 321 319 320
AL6,AL6,KMG,3382,TAO,3390,,0,320
AL6,AL6,KMG,3382,TCZ,7862,,0,737 733
AL6,AL6,KMG,3382,TPE,2276,,0,738
AL6,AL6,KMG,3382,TSN,3368,,0,737
AL6,AL6,KMG,3382,TYN,3369,,0,737 738
AL6,AL6,KMG,3382,VTE,3120,,0,737
AL6,AL6,KMG,3382,WNH,7528,,0,737
AL6,AL6,KMG,3382,WNZ,6392,,0,737
AL6,AL6,KMG,3382,WUH,3376,,0,733 738
AL6,AL6,KMG,3382,XIC,3396,,0,737
AL6,AL6,KMG,3382,XIY,3379,,0,733 737 320
AL6,AL6,KMG,3382,XMN,3383,,0,737
AL6,AL6,KMG,3382,YBP,4110,,0,733
AL6,AL6,KMG,3382,ZAT,6378,,0,733
AL6,AL6,KMQ,2322,PVG,3406,,0,319
AL6,AL6,KOJ,2307,PVG,3406,,0,319
AL6,AL6,KOW,6379,KHN,3384,,0,EMB
AL6,AL6,KOW,6379,SHA,3391,,0,320
AL6,AL6,KRL,6407,URC,3399,,0,320
AL6,AL6,KTM,3125,KMG,3382,,0,737
AL6,AL6,KUL,3304,PVG,3406,,0,320
AL6,AL6,KWE,3394,CSX,3371,,0,320
AL6,AL6,KWE,3394,HZH,7508,,0,319
AL6,AL6,KWE,3394,KHN,3384,,0,320
AL6,AL6,KWE,3394,PVG,3406,,0,738 319
AL6,AL6,KWE,3394,SHA,3391,,0,73G 321 738
AL6,AL6,KWE,3394,XIY,3379,,0,320
AL6,AL6,KWL,3372,CZX,4109,,0,320
AL6,AL6,KWL,3372,HFE,3389,,0,320
AL6,AL6,KWL,3372,ICN,3930,,0,320
AL6,AL6,KWL,3372,KMG,3382,,0,738 73G
AL6,AL6,KWL,3372,PVG,3406,,0,320
AL6,AL6,KWL,3372,SHA,3391,Y,0,737
AL6,AL6,KWL,3372,XIY,3379,,0,320
AL6,AL6,LAX,3484,PVG,3406,,0,346
AL6,AL6,LDS,9848,DLC,3404,,0,320
AL6,AL6,LHR,507,AMS,580,Y,0,737 F70
AL6,AL6,LHR,507,PVG,3406,,0,332
AL6,AL6,LHW,3378,CAN,3370,,0,738
AL6,AL6,LHW,3378,CTU,3395,,0,320 738
AL6,AL6,LHW,3378,IQN,6365,Y,0,737
AL6,AL6,LHW,3378,JGN,6432,,0,320
AL6,AL6,LHW,3378,KMG,3382,,0,320
AL6,AL6,LHW,3378,NKG,3388,,0,320
AL6,AL6,LHW,3378,PEK,3364,,0,320 321
AL6,AL6,LHW,3378,PVG,3406,,0,320
AL6,AL6,LHW,3378,SHA,3391,,0,320
AL6,AL6,LHW,3378,SJW,6347,,0,320
AL6,AL6,LHW,3378,TNA,4108,,0,320
AL6,AL6,LHW,3378,URC,3399,,0,320
AL6,AL6,LHW,3378,WUH,3376,,0,738
AL6,AL6,LHW,3378,XIY,3379,,0,320
AL6,AL6,LJG,4033,CAN,3370,,0,733
AL6,AL6,LJG,4033,HKG,3077,,0,737
AL6,AL6,LJG,4033,JHG,3381,,0,737
AL6,AL6,LJG,4033,KMG,3382,,0,733 737
AL6,AL6,LJG,4033,PEK,3364,,0,737
AL6,AL6,LJG,4033,SHA,3391,,0,737
AL6,AL6,LJG,4033,TCZ,7862,,0,733
AL6,AL6,LJG,4033,XIY,3379,,0,319
AL6,AL6,LLF,8845,KMG,3382,,0,737
AL6,AL6,LLF,8845,SZX,3374,,0,737
AL6,AL6,LNJ,7527,KMG,3382,,0,733
AL6,AL6,LUM,6376,CAN,3370,,0,737
AL6,AL6,LUM,6376,KMG,3382,,0,733 737
AL6,AL6,LXA,4097,CTU,3395,,0,319
AL6,AL6,LXA,4097,DIG,6375,,0,737
AL6,AL6,LXA,4097,KMG,3382,,0,737
AL6,AL6,LXA,4097,XIY,3379,,0,319
AL6,AL6,LYA,4148,DLC,3404,,0,733
AL6,AL6,LYA,4148,KMG,3382,,0,733
AL6,AL6,LYA,4148,PEK,3364,,0,320
AL6,AL6,LYA,4148,SHA,3391,,0,321
AL6,AL6,LYG,6383,DLC,3404,,0,EMB
AL6,AL6,LYG,6383,HGH,3386,,0,EMB
AL6,AL6,LYG,6383,HKG,3077,,0,320
AL6,AL6,LYG,6383,NAY,6341,Y,0,737
AL6,AL6,LYG,6383,PEK,3364,,0,319
AL6,AL6,LYG,6383,SHA,3391,Y,0,738 737
AL6,AL6,LYG,6383,WUH,3376,,0,EMB
AL6,AL6,LYI,6385,HGH,3386,,0,320
AL6,AL6,LYI,6385,NAY,6341,Y,0,737
AL6,AL6,LYI,6385,PEK,3364,,0,319
AL6,AL6,LYI,6385,PVG,3406,,0,320
AL6,AL6,LYI,6385,SHA,3391,,0,320
AL6,AL6,LZH,6356,CSX,3371,,0,319
AL6,AL6,LZH,6356,PVG,3406,,0,320
AL6,AL6,LZH,6356,SHA,3391,,0,321
AL6,AL6,LZH,6356,SYX,4030,,0,EMB
AL6,AL6,LZH,6356,WUH,3376,,0,EMB
AL6,AL6,LZO,6399,HGH,3386,,0,737
AL6,AL6,LZO,6399,KMG,3382,,0,737
AL6,AL6,LZO,6399,PEK,3364,,0,737 319
AL6,AL6,LZO,6399,PVG,3406,,0,319
AL6,AL6,MAD,1229,AMS,580,,0,737
AL6,AL6,MDG,3402,TAO,3390,,0,320
AL6,AL6,MDL,3222,KMG,3382,,0,738
AL6,AL6,MEL,3339,AKL,2006,Y,0,73H
AL6,AL6,MEL,3339,PVG,3406,,0,332
AL6,AL6,MEL,3339,SIN,3316,Y,0,333
AL6,AL6,MEL,3339,WLG,2042,Y,0,73H
AL6,AL6,MFM,3121,KMG,3382,,0,737
AL6,AL6,MFM,3121,PVG,3406,,0,321
AL6,AL6,MFM,3121,SHA,3391,Y,0,738
AL6,AL6,MIG,6400,KMG,3382,,0,737
AL6,AL6,MIG,6400,PVG,3406,Y,0,738
AL6,AL6,MLE,3156,CMB,3024,,0,737
AL6,AL6,MNL,2397,PVG,3406,,0,320
AL6,AL6,MWX,4189,PVG,3406,,0,320
AL6,AL6,MYJ,2333,PVG,3406,,0,319
AL6,AL6,NAO,6401,KMG,3382,,0,319
AL6,AL6,NAO,6401,PVG,3406,,0,319
AL6,AL6,NAY,6341,ACX,7506,Y,0,737
AL6,AL6,NAY,6341,AVA,9849,Y,0,737
AL6,AL6,NAY,6341,BAV,6346,Y,0,737
AL6,AL6,NAY,6341,BFJ,9025,Y,0,737
AL6,AL6,NAY,6341,CAN,3370,Y,0,737
AL6,AL6,NAY,6341,CIF,6342,Y,0,737
AL6,AL6,NAY,6341,CIH,6343,Y,0,737
AL6,AL6,NAY,6341,CKG,3393,Y,0,737
AL6,AL6,NAY,6341,CSX,3371,Y,0,737
AL6,AL6,NAY,6341,CTU,3395,Y,0,737
AL6,AL6,NAY,6341,CZX,4109,Y,0,737
AL6,AL6,NAY,6341,DAT,6344,Y,0,737
AL6,AL6,NAY,6341,DSN,6434,Y,0,737
AL6,AL6,NAY,6341,ENY,6367,Y,0,737
AL6,AL6,NAY,6341,FUO,7457,Y,0,737
AL6,AL6,NAY,6341,HET,6345,Y,0,737
AL6,AL6,NAY,6341,HLD,3366,Y,0,737
AL6,AL6,NAY,6341,HLH,6349,Y,0,737
AL6,AL6,NAY,6341,HRB,3400,Y,0,737
AL6,AL6,NAY,6341,HSN,6395,Y,0,737
AL6,AL6,NAY,6341,IQN,6365,Y,0,737
AL6,AL6,NAY,6341,JIC,11473,Y,0,737
AL6,AL6,NAY,6341,JUH,9843,Y,0,737
AL6,AL6,NAY,6341,JUZ,6382,Y,0,737
AL6,AL6,NAY,6341,KHN,3384,Y,0,737
AL6,AL6,NAY,6341,LYG,6383,Y,0,737
AL6,AL6,NAY,6341,LYI,6385,Y,0,737
AL6,AL6,NAY,6341,NDG,6413,Y,0,737
AL6,AL6,NAY,6341,NGB,3387,Y,0,737
AL6,AL6,NAY,6341,NNY,6359,Y,0,737
AL6,AL6,NAY,6341,NZH,6954,Y,0,737
AL6,AL6,NAY,6341,SHA,3391,Y,0,737
AL6,AL6,NAY,6341,SZX,3374,Y,0,737
AL6,AL6,NAY,6341,UYN,6368,Y,0,737 73G
AL6,AL6,NAY,6341,WNZ,6392,Y,0,737
AL6,AL6,NAY,6341,WUA,6955,Y,0,737
AL6,AL6,NAY,6341,XFN,6360,Y,0,737
AL6,AL6,NAY,6341,XIL,6350,Y,0,737
AL6,AL6,NAY,6341,XMN,3383,Y,0,737
AL6,AL6,NAY,6341,ZHA,6357,Y,0,737
AL6,AL6,NBS,8826,TSN,3368,,0,738
AL6,AL6,NDG,6413,NAY,6341,Y,0,737
AL6,AL6,NDG,6413,TAO,3390,Y,0,737
AL6,AL6,NGB,3387,BKK,3885,,0,320
AL6,AL6,NGB,3387,CAN,3370,,0,738 320
AL6,AL6,NGB,3387,CGO,3375,,0,320
AL6,AL6,NGB,3387,CJU,2370,,0,320
AL6,AL6,NGB,3387,CKG,3393,,0,320
AL6,AL6,NGB,3387,CSX,3371,,0,320
AL6,AL6,NGB,3387,CTU,3395,,0,319
AL6,AL6,NGB,3387,HKG,3077,,0,320
AL6,AL6,NGB,3387,KHN,3384,,0,738
AL6,AL6,NGB,3387,KMG,3382,,0,320
AL6,AL6,NGB,3387,NAY,6341,Y,0,737
AL6,AL6,NGB,3387,PEK,3364,,0,320 321
AL6,AL6,NGB,3387,SZX,3374,,0,320
AL6,AL6,NGB,3387,TAO,3390,,0,320
AL6,AL6,NGB,3387,TPE,2276,,0,320
AL6,AL6,NGB,3387,WUH,3376,,0,320 738
AL6,AL6,NGB,3387,XIY,3379,,0,320
AL6,AL6,NGB,3387,XMN,3383,,0,320
AL6,AL6,NGO,3942,PVG,3406,,0,320
AL6,AL6,NGO,3942,TAO,3390,,0,321
AL6,AL6,NGO,3942,TSN,3368,Y,0,73H
AL6,AL6,NGQ,7932,KHG,3397,,0,319
AL6,AL6,NGS,2313,PVG,3406,,0,319
AL6,AL6,NKG,3388,BAV,6346,,0,320
AL6,AL6,NKG,3388,CAN,3370,,0,320
AL6,AL6,NKG,3388,CGO,3375,,0,320
AL6,AL6,NKG,3388,CIF,6342,,0,320
AL6,AL6,NKG,3388,CKG,3393,,0,320
AL6,AL6,NKG,3388,CSX,3371,,0,320 319
AL6,AL6,NKG,3388,CTU,3395,,0,320
AL6,AL6,NKG,3388,DLC,3404,,0,320
AL6,AL6,NKG,3388,DYG,6353,,0,320
AL6,AL6,NKG,3388,FOC,3385,,0,738
AL6,AL6,NKG,3388,HET,6345,,0,320
AL6,AL6,NKG,3388,HKG,3077,,0,321 332
AL6,AL6,NKG,3388,ICN,3930,,0,321 320
AL6,AL6,NKG,3388,INC,4085,,0,320
AL6,AL6,NKG,3388,KHH,2264,,0,321 320
AL6,AL6,NKG,3388,KHN,3384,,0,320
AL6,AL6,NKG,3388,KIX,3992,,0,320
AL6,AL6,NKG,3388,KMG,3382,,0,737
AL6,AL6,NKG,3388,LHW,3378,,0,320
AL6,AL6,NKG,3388,NNG,3373,,0,320
AL6,AL6,NKG,3388,NRT,2279,,0,320
AL6,AL6,NKG,3388,PEK,3364,,0,320 321 332
AL6,AL6,NKG,3388,PUS,2372,Y,0,73H
AL6,AL6,NKG,3388,PVG,3406,,0,320
AL6,AL6,NKG,3388,SJW,6347,,0,319 320
AL6,AL6,NKG,3388,SYD,3361,,0,332
AL6,AL6,NKG,3388,SYX,4030,,0,321
AL6,AL6,NKG,3388,SZX,3374,,0,320
AL6,AL6,NKG,3388,TAO,3390,,0,321 320
AL6,AL6,NKG,3388,TGO,6348,,0,320
AL6,AL6,NKG,3388,TPE,2276,,0,320 321
AL6,AL6,NKG,3388,TYN,3369,,0,320 738 737
AL6,AL6,NKG,3388,XIY,3379,,0,321 320
AL6,AL6,NKG,3388,XMN,3383,,0,320
AL6,AL6,NKG,3388,YCU,6430,,0,320
AL6,AL6,NKG,3388,ZYI,9846,,0,320
AL6,AL6,NNG,3373,HAN,3199,,0,737
AL6,AL6,NNG,3373,KHN,3384,,0,320
AL6,AL6,NNG,3373,KMG,3382,,0,737
AL6,AL6,NNG,3373,NKG,3388,,0,320
AL6,AL6,NNG,3373,PNH,3034,,0,737
AL6,AL6,NNG,3373,PVG,3406,,0,73G
AL6,AL6,NNG,3373,RGN,3239,,0,737
AL6,AL6,NNG,3373,SHA,3391,,0,738 320
AL6,AL6,NNG,3373,SIN,3316,,0,320
AL6,AL6,NNG,3373,SYX,4030,,0,738
AL6,AL6,NNG,3373,VTE,3120,,0,737
AL6,AL6,NNG,3373,WUH,3376,,0,738
AL6,AL6,NNG,3373,XIY,3379,,0,737
AL6,AL6,NNY,6359,NAY,6341,Y,0,737
AL6,AL6,NRT,2279,CAN,3370,Y,0,767
AL6,AL6,NRT,2279,DLC,3404,Y,0,767
AL6,AL6,NRT,2279,NKG,3388,,0,320
AL6,AL6,NRT,2279,PEK,3364,Y,0,73H 767
AL6,AL6,NRT,2279,PVG,3406,,0,321 333 332
AL6,AL6,NYT,6949,KMG,3382,,0,737
AL6,AL6,NZH,6954,NAY,6341,Y,0,737
AL6,AL6,OKA,2384,PVG,3406,,0,320
AL6,AL6,OKJ,2327,PVG,3406,,0,320
AL6,AL6,PEK,3364,CDG,1382,Y,0,77W 772
AL6,AL6,PEK,3364,CGQ,4380,,0,320
AL6,AL6,PEK,3364,CJU,2370,,0,321
AL6,AL6,PEK,3364,CZX,4109,,0,320
AL6,AL6,PEK,3364,DLC,3404,,0,320 321
AL6,AL6,PEK,3364,DTW,3645,Y,0,777
AL6,AL6,PEK,3364,HFE,3389,,0,320
AL6,AL6,PEK,3364,HGH,3386,,0,321 320
AL6,AL6,PEK,3364,HIA,7898,,0,320
AL6,AL6,PEK,3364,HND,2359,Y,0,767
AL6,AL6,PEK,3364,HRB,3400,,0,320 321
AL6,AL6,PEK,3364,INC,4085,,0,320
AL6,AL6,PEK,3364,JIQ,8781,,0,737
AL6,AL6,PEK,3364,JNG,6944,,0,733
AL6,AL6,PEK,3364,JXA,8417,,0,320
AL6,AL6,PEK,3364,KHN,3384,,0,320 321
AL6,AL6,PEK,3364,KMG,3382,,0,737 333 733
AL6,AL6,PEK,3364,LHW,3378,,0,321 320
AL6,AL6,PEK,3364,LJG,4033,,0,737
AL6,AL6,PEK,3364,LYA,4148,,0,320
AL6,AL6,PEK,3364,LYG,6383,,0,319
AL6,AL6,PEK,3364,LYI,6385,,0,319
AL6,AL6,PEK,3364,LZO,6399,,0,319 737
AL6,AL6,PEK,3364,NGB,3387,,0,320 321
AL6,AL6,PEK,3364,NKG,3388,,0,320 332 321
AL6,AL6,PEK,3364,NRT,2279,Y,0,767 73H
AL6,AL6,PEK,3364,PVG,3406,,0,333 321 320 332
AL6,AL6,PEK,3364,SEA,3577,Y,0,76W
AL6,AL6,PEK,3364,SHA,3391,,0,333 767
AL6,AL6,PEK,3364,SHE,4144,Y,0,321 320
AL6,AL6,PEK,3364,SPN,2244,,0,333
AL6,AL6,PEK,3364,TAO,3390,,0,319 320 321
AL6,AL6,PEK,3364,TGO,6348,,0,320
AL6,AL6,PEK,3364,TYN,3369,,0,738
AL6,AL6,PEK,3364,WNZ,6392,,0,738
AL6,AL6,PEK,3364,WUH,3376,,0,738
AL6,AL6,PEK,3364,WUX,6390,,0,321 320
AL6,AL6,PEK,3364,XIY,3379,,0,333 320 321
AL6,AL6,PEK,3364,XNN,6366,,0,320
AL6,AL6,PEK,3364,YNT,3392,,0,321 320
AL6,AL6,PER,3351,SIN,3316,Y,0,332
AL6,AL6,PNH,3034,NNG,3373,,0,737
AL6,AL6,PUS,2372,NKG,3388,Y,0,73H
AL6,AL6,PUS,2372,PVG,3406,,0,321 320
AL6,AL6,PUS,2372,TAO,3390,Y,0,73H
AL6,AL6,PVG,3406,ACX,7506,,0,319
AL6,AL6,PVG,3406,AMS,580,Y,0,74M
AL6,AL6,PVG,3406,AOG,9844,Y,0,737
AL6,AL6,PVG,3406,BHY,6351,,0,320
AL6,AL6,PVG,3406,BKK,3885,,0,320 333 332
AL6,AL6,PVG,3406,CAN,3370,,0,738
AL6,AL6,PVG,3406,CDG,1382,,0,332
AL6,AL6,PVG,3406,CGK,3275,,0,777
AL6,AL6,PVG,3406,CGO,3375,,0,320 738
AL6,AL6,PVG,3406,CGQ,4380,,0,320
AL6,AL6,PVG,3406,CJU,2370,,0,738
AL6,AL6,PVG,3406,CKG,3393,,0,320 346 321
AL6,AL6,PVG,3406,CNX,3931,,0,320
AL6,AL6,PVG,3406,CSX,3371,,0,321 320
AL6,AL6,PVG,3406,CTS,2287,,0,321 320
AL6,AL6,PVG,3406,CTU,3395,,0,320 319 738
AL6,AL6,PVG,3406,DAT,6344,,0,319
AL6,AL6,PVG,3406,DAX,6397,,0,319
AL6,AL6,PVG,3406,DEL,3093,,0,332
AL6,AL6,PVG,3406,DLC,3404,,0,320 738 319
AL6,AL6,PVG,3406,DPS,3940,,0,332
AL6,AL6,PVG,3406,DTW,3645,Y,0,77L
AL6,AL6,PVG,3406,DYG,6353,,0,320
AL6,AL6,PVG,3406,FCO,1555,,0,332
AL6,AL6,PVG,3406,FOC,3385,,0,320 319 321
AL6,AL6,PVG,3406,FRA,340,,0,332
AL6,AL6,PVG,3406,FSZ,6476,,0,738 320
AL6,AL6,PVG,3406,FUK,2305,,0,738 320
AL6,AL6,PVG,3406,HAK,4120,,0,320
AL6,AL6,PVG,3406,HAN,3199,Y,0,321
AL6,AL6,PVG,3406,HDG,8407,,0,320
AL6,AL6,PVG,3406,HFE,3389,,0,320
AL6,AL6,PVG,3406,HIJ,2326,,0,320
AL6,AL6,PVG,3406,HKG,3077,,0,321 320 332
AL6,AL6,PVG,3406,HKT,3179,Y,0,757 738
AL6,AL6,PVG,3406,HMI,6743,,0,320
AL6,AL6,PVG,3406,HNL,3728,,0,332
AL6,AL6,PVG,3406,HRB,3400,,0,321 320 319
AL6,AL6,PVG,3406,HSN,6395,,0,319
AL6,AL6,PVG,3406,ICN,3930,,0,332 321
AL6,AL6,PVG,3406,INC,4085,,0,320
AL6,AL6,PVG,3406,JFK,3797,,0,346
AL6,AL6,PVG,3406,JNZ,6412,Y,0,737
AL6,AL6,PVG,3406,JZH,4301,,0,319
AL6,AL6,PVG,3406,KHN,3384,,0,320 319
AL6,AL6,PVG,3406,KIJ,4381,,0,319
AL6,AL6,PVG,3406,KIX,3992,,0,321 738
AL6,AL6,PVG,3406,KMG,3382,,0,738 333
AL6,AL6,PVG,3406,KMQ,2322,,0,319
AL6,AL6,PVG,3406,KOJ,2307,,0,319
AL6,AL6,PVG,3406,KUL,3304,,0,320
AL6,AL6,PVG,3406,KWE,3394,,0,738 319
AL6,AL6,PVG,3406,KWL,3372,,0,320
AL6,AL6,PVG,3406,LAX,3484,,0,346
AL6,AL6,PVG,3406,LHR,507,,0,332
AL6,AL6,PVG,3406,LHW,3378,,0,320
AL6,AL6,PVG,3406,LYI,6385,,0,320
AL6,AL6,PVG,3406,LZH,6356,,0,320
AL6,AL6,PVG,3406,LZO,6399,,0,319
AL6,AL6,PVG,3406,MEL,3339,,0,332
AL6,AL6,PVG,3406,MFM,3121,,0,321
AL6,AL6,PVG,3406,MIG,6400,Y,0,738
AL6,AL6,PVG,3406,MNL,2397,,0,320
AL6,AL6,PVG,3406,MWX,4189,,0,320
AL6,AL6,PVG,3406,MYJ,2333,,0,319
AL6,AL6,PVG,3406,NAO,6401,,0,319
AL6,AL6,PVG,3406,NGO,3942,,0,320
AL6,AL6,PVG,3406,NGS,2313,,0,319
AL6,AL6,PVG,3406,NKG,3388,,0,320
AL6,AL6,PVG,3406,NNG,3373,,0,73G
AL6,AL6,PVG,3406,NRT,2279,,0,333 321 332
AL6,AL6,PVG,3406,OKA,2384,,0,320
AL6,AL6,PVG,3406,OKJ,2327,,0,320
AL6,AL6,PVG,3406,PEK,3364,,0,321 332 320 333
AL6,AL6,PVG,3406,PNH,3034,,0,320
AL6,AL6,PVG,3406,PUS,2372,,0,321 320
AL6,AL6,PVG,3406,REP,3035,,0,320
AL6,AL6,PVG,3406,SEA,3577,,0,332
AL6,AL6,PVG,3406,SFO,3469,,0,332
AL6,AL6,PVG,3406,SGN,3205,,0,738
AL6,AL6,PVG,3406,SHE,4144,,0,320
AL6,AL6,PVG,3406,SHP,6429,Y,0,737
AL6,AL6,PVG,3406,SIN,3316,,0,332 320 767
AL6,AL6,PVG,3406,SJW,6347,,0,320
AL6,AL6,PVG,3406,SVO,2985,,0,333 77W 767
AL6,AL6,PVG,3406,SYD,3361,,0,332
AL6,AL6,PVG,3406,SYX,4030,,0,320 319
AL6,AL6,PVG,3406,SZX,3374,,0,320 321
AL6,AL6,PVG,3406,TAE,2381,,0,321 320
AL6,AL6,PVG,3406,TAO,3390,,0,321 320 332
AL6,AL6,PVG,3406,TNA,4108,,0,320
AL6,AL6,PVG,3406,TOY,2324,Y,0,738
AL6,AL6,PVG,3406,TPE,2276,,0,332
AL6,AL6,PVG,3406,TSN,3368,,0,320
AL6,AL6,PVG,3406,TVS,8858,Y,0,738
AL6,AL6,PVG,3406,TYN,3369,,0,738
AL6,AL6,PVG,3406,URC,3399,,0,320
AL6,AL6,PVG,3406,WNZ,6392,,0,738 321 737 332
AL6,AL6,PVG,3406,WUH,3376,,0,738 320 332
AL6,AL6,PVG,3406,WXN,6403,Y,0,737
AL6,AL6,PVG,3406,XIY,3379,,0,320 321
AL6,AL6,PVG,3406,XMN,3383,,0,320
AL6,AL6,PVG,3406,XNN,6366,,0,319
AL6,AL6,PVG,3406,YBP,4110,,0,319
AL6,AL6,PVG,3406,YCU,6430,Y,0,738
AL6,AL6,PVG,3406,YNJ,6414,,0,320
AL6,AL6,PVG,3406,YNT,3392,,0,320
AL6,AL6,PVG,3406,YVR,156,,0,332
AL6,AL6,PVG,3406,ZHA,6357,Y,0,737
AL6,AL6,PVG,3406,ZUH,6355,,0,738
AL6,AL6,REP,3035,KMG,3382,,0,737
AL6,AL6,REP,3035,PVG,3406,,0,320
AL6,AL6,RGN,3239,KMG,3382,,0,737
AL6,AL6,RGN,3239,NNG,3373,,0,737
AL6,AL6,SEA,3577,PEK,3364,Y,0,76W
AL6,AL6,SEA,3577,PVG,3406,,0,332
AL6,AL6,SFO,3469,PVG,3406,,0,332
AL6,AL6,SGN,3205,PVG,3406,,0,738
AL6,AL6,SHA,3391,AQG,6427,,0,EMB
AL6,AL6,SHA,3391,BAV,6346,Y,0,738 737
AL6,AL6,SHA,3391,CAN,3370,,0,333 AB6 738 321
AL6,AL6,SHA,3391,CGO,3375,,0,737 320 738 321
AL6,AL6,SHA,3391,CKG,3393,,0,321 738
AL6,AL6,SHA,3391,CSX,3371,,0,738 321
AL6,AL6,SHA,3391,CTU,3395,,0,767 738
AL6,AL6,SHA,3391,FOC,3385,Y,0,738
AL6,AL6,SHA,3391,FUG,7503,Y,0,737
AL6,AL6,SHA,3391,GMP,2378,,0,321
AL6,AL6,SHA,3391,HDG,8407,,0,320 737
AL6,AL6,SHA,3391,HET,6345,,0,320
AL6,AL6,SHA,3391,HIA,7898,,0,320
AL6,AL6,SHA,3391,HKG,3077,,0,332
AL6,AL6,SHA,3391,HND,2359,,0,321
AL6,AL6,SHA,3391,JGS,6428,Y,0,738
AL6,AL6,SHA,3391,JIU,6381,,0,320
AL6,AL6,SHA,3391,JNG,6944,Y,0,737
AL6,AL6,SHA,3391,KHN,3384,,0,320
AL6,AL6,SHA,3391,KMG,3382,,0,737 733 321
AL6,AL6,SHA,3391,KOW,6379,,0,320
AL6,AL6,SHA,3391,KWE,3394,,0,321 73G 738
AL6,AL6,SHA,3391,KWL,3372,Y,0,737
AL6,AL6,SHA,3391,LHW,3378,,0,320
AL6,AL6,SHA,3391,LJG,4033,,0,737
AL6,AL6,SHA,3391,LYA,4148,,0,321
AL6,AL6,SHA,3391,LYG,6383,Y,0,738 737
AL6,AL6,SHA,3391,LYI,6385,,0,320
AL6,AL6,SHA,3391,LZH,6356,,0,321
AL6,AL6,SHA,3391,MFM,3121,Y,0,738
AL6,AL6,SHA,3391,NAY,6341,Y,0,737
AL6,AL6,SHA,3391,NNG,3373,,0,738 320
AL6,AL6,SHA,3391,PEK,3364,,0,333 767
AL6,AL6,SHA,3391,SHE,4144,Y,0,738
AL6,AL6,SHA,3391,SJW,6347,Y,0,738 737
AL6,AL6,SHA,3391,SWA,4302,,0,321
AL6,AL6,SHA,3391,SYX,4030,,0,320
AL6,AL6,SHA,3391,SZX,3374,,0,321 767 333 320 AB6
AL6,AL6,SHA,3391,TAO,3390,,0,320
AL6,AL6,SHA,3391,TNA,4108,,0,321
AL6,AL6,SHA,3391,TSA,2275,,0,333
AL6,AL6,SHA,3391,TSN,3368,,0,737 320
AL6,AL6,SHA,3391,TXN,6387,Y,0,737
AL6,AL6,SHA,3391,TYN,3369,,0,737 321
AL6,AL6,SHA,3391,URC,3399,,0,320 73G 752
AL6,AL6,SHA,3391,WNZ,6392,Y,0,737
AL6,AL6,SHA,3391,WUH,3376,,0,321 738 733 320
AL6,AL6,SHA,3391,WUS,6391,,0,320
AL6,AL6,SHA,3391,XIY,3379,,0,320 321
AL6,AL6,SHA,3391,XMN,3383,,0,320 737
AL6,AL6,SHA,3391,XUZ,4149,,0,320
AL6,AL6,SHA,3391,YIH,6361,Y,0,737
AL6,AL6,SHA,3391,YNT,3392,,0,320
AL6,AL6,SHA,3391,YNZ,6393,,0,320
AL6,AL6,SHA,3391,ZUH,6355,,0,320 321
AL6,AL6,SHE,4144,PEK,3364,Y,0,320 321
AL6,AL6,SHE,4144,PVG,3406,,0,320
AL6,AL6,SHE,4144,SHA,3391,Y,0,738
AL6,AL6,SHE,4144,TAO,3390,,0,320
AL6,AL6,SHE,4144,XIY,3379,,0,733
AL6,AL6,SHP,6429,PVG,3406,Y,0,737
AL6,AL6,SHP,6429,SJW,6347,,0,320
AL6,AL6,SIN,3316,BNE,3320,Y,0,744
AL6,AL6,SIN,3316,MEL,3339,Y,0,333
AL6,AL6,SIN,3316,NNG,3373,,0,320
AL6,AL6,SIN,3316,PER,3351,Y,0,332
AL6,AL6,SIN,3316,PVG,3406,,0,332 320 767
AL6,AL6,SIN,3316,SYD,3361,,0,333
AL6,AL6,SIN,3316,WUH,3376,,0,320
AL6,AL6,SIN,3316,WUX,6390,,0,320
AL6,AL6,SJW,6347,BAV,6346,Y,0,737
AL6,AL6,SJW,6347,HET,6345,,0,319 320
AL6,AL6,SJW,6347,HGH,3386,Y,0,737
AL6,AL6,SJW,6347,KMG,3382,Y,0,737
AL6,AL6,SJW,6347,LHW,3378,,0,320
AL6,AL6,SJW,6347,NKG,3388,,0,319 320
AL6,AL6,SJW,6347,PVG,3406,,0,320
AL6,AL6,SJW,6347,SHA,3391,Y,0,738 737
AL6,AL6,SJW,6347,SHP,6429,,0,320
AL6,AL6,SJW,6347,TAO,3390,,0,320
AL6,AL6,SJW,6347,TPE,2276,,0,737
AL6,AL6,SJW,6347,XIY,3379,Y,0,737
AL6,AL6,SJW,6347,ZQZ,10940,,0,320
AL6,AL6,SPN,2244,PEK,3364,,0,333
AL6,AL6,SVO,2985,PVG,3406,,0,333 767 77W
AL6,AL6,SWA,4302,HGH,3386,,0,320
AL6,AL6,SWA,4302,SHA,3391,,0,321
AL6,AL6,SYD,3361,AKL,2006,Y,0,73H
AL6,AL6,SYD,3361,CHC,2009,Y,0,73H
AL6,AL6,SYD,3361,NKG,3388,,0,332
AL6,AL6,SYD,3361,PVG,3406,,0,332
AL6,AL6,SYD,3361,SIN,3316,Y,0,333 744
AL6,AL6,SYD,3361,WLG,2042,Y,0,73H
AL6,AL6,SYM,6377,KMG,3382,,0,733 737
AL6,AL6,SYX,4030,KMG,3382,,0,733
AL6,AL6,SYX,4030,LZH,6356,,0,EMB
AL6,AL6,SYX,4030,NKG,3388,,0,321
AL6,AL6,SYX,4030,NNG,3373,,0,738
AL6,AL6,SYX,4030,PVG,3406,,0,320 319
AL6,AL6,SYX,4030,SHA,3391,,0,320
AL6,AL6,SYX,4030,WUH,3376,,0,738
AL6,AL6,SZX,3374,CZX,4109,,0,320
AL6,AL6,SZX,3374,JGS,6428,,0,320
AL6,AL6,SZX,3374,KHN,3384,,0,320
AL6,AL6,SZX,3374,KMG,3382,,0,737 321 319 320
AL6,AL6,SZX,3374,LLF,8845,,0,737
AL6,AL6,SZX,3374,NAY,6341,Y,0,737
AL6,AL6,SZX,3374,NGB,3387,,0,320
AL6,AL6,SZX,3374,NKG,3388,,0,320
AL6,AL6,SZX,3374,PVG,3406,,0,320 321
AL6,AL6,SZX,3374,SHA,3391,,0,333 AB6 767 320 321
AL6,AL6,SZX,3374,TYN,3369,,0,737
AL6,AL6,SZX,3374,WUH,3376,,0,733
AL6,AL6,SZX,3374,WUX,6390,,0,320
AL6,AL6,SZX,3374,XIY,3379,,0,320
AL6,AL6,TAE,2381,PVG,3406,,0,321 320
AL6,AL6,TAO,3390,CAN,3370,,0,320
AL6,AL6,TAO,3390,CTU,3395,,0,320
AL6,AL6,TAO,3390,DDG,6433,Y,0,737
AL6,AL6,TAO,3390,DLC,3404,,0,738
AL6,AL6,TAO,3390,DQA,9845,,0,320
AL6,AL6,TAO,3390,FUK,2305,,0,319
AL6,AL6,TAO,3390,HFE,3389,,0,320
AL6,AL6,TAO,3390,HGH,3386,,0,320
AL6,AL6,TAO,3390,HRB,3400,,0,321 320
AL6,AL6,TAO,3390,ICN,3930,,0,320
AL6,AL6,TAO,3390,JMU,6411,Y,0,737
AL6,AL6,TAO,3390,JXA,8417,Y,0,737
AL6,AL6,TAO,3390,KIX,3992,,0,320
AL6,AL6,TAO,3390,KMG,3382,,0,320
AL6,AL6,TAO,3390,MDG,3402,,0,320
AL6,AL6,TAO,3390,NDG,6413,Y,0,737
AL6,AL6,TAO,3390,NGB,3387,,0,320
AL6,AL6,TAO,3390,NGO,3942,,0,321
AL6,AL6,TAO,3390,NKG,3388,,0,321 320
AL6,AL6,TAO,3390,PEK,3364,,0,320 321 319
AL6,AL6,TAO,3390,PUS,2372,Y,0,73H
AL6,AL6,TAO,3390,PVG,3406,,0,320 321
AL6,AL6,TAO,3390,SHA,3391,,0,320
AL6,AL6,TAO,3390,SHE,4144,,0,320
AL6,AL6,TAO,3390,SJW,6347,,0,320
AL6,AL6,TAO,3390,TPE,2276,,0,320
AL6,AL6,TAO,3390,TYN,3369,,0,737
AL6,AL6,TAO,3390,WNZ,6392,,0,737
AL6,AL6,TAO,3390,WUH,3376,,0,738 320
AL6,AL6,TAO,3390,WUX,6390,,0,320
AL6,AL6,TAO,3390,XIY,3379,,0,320
AL6,AL6,TAO,3390,YNJ,6414,,0,320
AL6,AL6,TCZ,7862,JHG,3381,,0,733
AL6,AL6,TCZ,7862,KMG,3382,,0,737 733
AL6,AL6,TCZ,7862,LJG,4033,,0,733
AL6,AL6,TGO,6348,HET,6345,,0,320
AL6,AL6,TGO,6348,HRB,3400,,0,320
AL6,AL6,TGO,6348,NKG,3388,,0,320
AL6,AL6,TGO,6348,PEK,3364,,0,320
AL6,AL6,TNA,4108,CAN,3370,,0,320
AL6,AL6,TNA,4108,CKG,3393,,0,320
AL6,AL6,TNA,4108,CTU,3395,,0,319
AL6,AL6,TNA,4108,HKG,3077,,0,319
AL6,AL6,TNA,4108,LHW,3378,,0,320
AL6,AL6,TNA,4108,PVG,3406,,0,320
AL6,AL6,TNA,4108,SHA,3391,,0,321
AL6,AL6,TNA,4108,XIY,3379,,0,320
AL6,AL6,TOY,2324,PVG,3406,Y,0,738
AL6,AL6,TPE,2276,HFE,3389,,0,320
AL6,AL6,TPE,2276,INC,4085,,0,320
AL6,AL6,TPE,2276,KHN,3384,,0,320
AL6,AL6,TPE,2276,KMG,3382,,0,738
AL6,AL6,TPE,2276,NGB,3387,,0,320
AL6,AL6,TPE,2276,NKG,3388,,0,320 321
AL6,AL6,TPE,2276,PVG,3406,,0,332
AL6,AL6,TPE,2276,SJW,6347,,0,737
AL6,AL6,TPE,2276,TAO,3390,,0,320
AL6,AL6,TPE,2276,TYN,3369,,0,738
AL6,AL6,TPE,2276,WUH,3376,,0,738
AL6,AL6,TPE,2276,WUX,6390,,0,321
AL6,AL6,TPE,2276,XIY,3379,,0,320
AL6,AL6,TPE,2276,XUZ,4149,,0,320
AL6,AL6,TPE,2276,YNZ,6393,,0,320
AL6,AL6,TSA,2275,SHA,3391,,0,333
AL6,AL6,TSN,3368,CIF,6342,,0,320
AL6,AL6,TSN,3368,KMG,3382,,0,737
AL6,AL6,TSN,3368,NBS,8826,,0,738
AL6,AL6,TSN,3368,NGO,3942,Y,0,73H
AL6,AL6,TSN,3368,PVG,3406,,0,320
AL6,AL6,TSN,3368,SHA,3391,,0,737 320
AL6,AL6,TSN,3368,WUH,3376,,0,738
AL6,AL6,TVS,8858,PVG,3406,Y,0,738
AL6,AL6,TXN,6387,CKG,3393,Y,0,737
AL6,AL6,TXN,6387,CTU,3395,Y,0,737
AL6,AL6,TXN,6387,HFE,3389,,0,320
AL6,AL6,TXN,6387,SHA,3391,Y,0,737
AL6,AL6,TYN,3369,CAN,3370,,0,737
AL6,AL6,TYN,3369,CIH,6343,,0,EMB
AL6,AL6,TYN,3369,CKG,3393,,0,738
AL6,AL6,TYN,3369,CTU,3395,,0,738
AL6,AL6,TYN,3369,HET,6345,,0,737
AL6,AL6,TYN,3369,HGH,3386,,0,320 737
AL6,AL6,TYN,3369,HKG,3077,,0,738
AL6,AL6,TYN,3369,KMG,3382,,0,737 738
AL6,AL6,TYN,3369,NKG,3388,,0,738 320 737
AL6,AL6,TYN,3369,PEK,3364,,0,738
AL6,AL6,TYN,3369,PVG,3406,,0,738
AL6,AL6,TYN,3369,SHA,3391,,0,737 321
AL6,AL6,TYN,3369,SZX,3374,,0,737
AL6,AL6,TYN,3369,TAO,3390,,0,737
AL6,AL6,TYN,3369,TPE,2276,,0,738
AL6,AL6,TYN,3369,WUH,3376,,0,737
AL6,AL6,TYN,3369,XIY,3379,,0,737
AL6,AL6,TYN,3369,YCU,6430,,0,737
AL6,AL6,URC,3399,CGO,3375,,0,320
AL6,AL6,URC,3399,HMI,6743,,0,320
AL6,AL6,URC,3399,HTN,3398,Y,0,738
AL6,AL6,URC,3399,INC,4085,,0,320
AL6,AL6,URC,3399,KHG,3397,,0,E90 73G 320
AL6,AL6,URC,3399,KRL,6407,,0,320
AL6,AL6,URC,3399,LHW,3378,,0,320
AL6,AL6,URC,3399,PVG,3406,,0,320
AL6,AL6,URC,3399,SHA,3391,,0,752 73G 320
AL6,AL6,URC,3399,XIY,3379,,0,320 321 738
AL6,AL6,UYN,6368,NAY,6341,Y,0,737 73G
AL6,AL6,UYN,6368,XIY,3379,,0,320 319
AL6,AL6,VTE,3120,KMG,3382,,0,737
AL6,AL6,VTE,3120,NNG,3373,,0,737
AL6,AL6,WLG,2042,MEL,3339,Y,0,73H
AL6,AL6,WLG,2042,SYD,3361,Y,0,73H
AL6,AL6,WNH,7528,KMG,3382,,0,737
AL6,AL6,WNZ,6392,CAN,3370,,0,738 320 737 733
AL6,AL6,WNZ,6392,CJU,2370,,0,320
AL6,AL6,WNZ,6392,CKG,3393,,0,320
AL6,AL6,WNZ,6392,HKG,3077,,0,738
AL6,AL6,WNZ,6392,KMG,3382,,0,737
AL6,AL6,WNZ,6392,NAY,6341,Y,0,737
AL6,AL6,WNZ,6392,PEK,3364,,0,738
AL6,AL6,WNZ,6392,PVG,3406,,0,738 737 321 332
AL6,AL6,WNZ,6392,SHA,3391,Y,0,737
AL6,AL6,WNZ,6392,TAO,3390,,0,737
AL6,AL6,WNZ,6392,WUH,3376,,0,733
AL6,AL6,WNZ,6392,XIY,3379,,0,737 320
AL6,AL6,WUA,6955,HET,6345,,0,320
AL6,AL6,WUA,6955,NAY,6341,Y,0,737
AL6,AL6,WUH,3376,AQG,6427,,0,EMB
AL6,AL6,WUH,3376,CAN,3370,,0,738 73G
AL6,AL6,WUH,3376,CIH,6343,,0,EMB
AL6,AL6,WUH,3376,CTU,3395,,0,733
AL6,AL6,WUH,3376,ENH,6358,,0,738
AL6,AL6,WUH,3376,HGH,3386,,0,320
AL6,AL6,WUH,3376,ICN,3930,Y,0,73J
AL6,AL6,WUH,3376,KHH,2264,,0,738
AL6,AL6,WUH,3376,KHN,3384,,0,EMB
AL6,AL6,WUH,3376,KMG,3382,,0,733 738
AL6,AL6,WUH,3376,LHW,3378,,0,738
AL6,AL6,WUH,3376,LYG,6383,,0,EMB
AL6,AL6,WUH,3376,LZH,6356,,0,EMB
AL6,AL6,WUH,3376,NGB,3387,,0,738 320
AL6,AL6,WUH,3376,NNG,3373,,0,738
AL6,AL6,WUH,3376,PEK,3364,,0,738
AL6,AL6,WUH,3376,PVG,3406,,0,738 332 320
AL6,AL6,WUH,3376,SHA,3391,,0,738 321 733 320
AL6,AL6,WUH,3376,SIN,3316,,0,320
AL6,AL6,WUH,3376,SYX,4030,,0,738
AL6,AL6,WUH,3376,SZX,3374,,0,733
AL6,AL6,WUH,3376,TAO,3390,,0,738 320
AL6,AL6,WUH,3376,TPE,2276,,0,738
AL6,AL6,WUH,3376,TSN,3368,,0,738
AL6,AL6,WUH,3376,TYN,3369,,0,737
AL6,AL6,WUH,3376,WNZ,6392,,0,733
AL6,AL6,WUH,3376,XFN,6360,,0,EMB
AL6,AL6,WUH,3376,XIY,3379,,0,738 320
AL6,AL6,WUH,3376,XMN,3383,,0,320 737
AL6,AL6,WUH,3376,YCU,6430,,0,320
AL6,AL6,WUH,3376,ZYI,9846,,0,320
AL6,AL6,WUS,6391,SHA,3391,,0,320
AL6,AL6,WUX,6390,CAN,3370,,0,321 320 E90
AL6,AL6,WUX,6390,CKG,3393,,0,320
AL6,AL6,WUX,6390,CSX,3371,,0,320
AL6,AL6,WUX,6390,CTU,3395,,0,320 321
AL6,AL6,WUX,6390,HKG,3077,,0,320
AL6,AL6,WUX,6390,PEK,3364,,0,321 320
AL6,AL6,WUX,6390,SIN,3316,,0,320
AL6,AL6,WUX,6390,SZX,3374,,0,320
AL6,AL6,WUX,6390,TAO,3390,,0,320
AL6,AL6,WUX,6390,TPE,2276,,0,321
AL6,AL6,WUX,6390,XIY,3379,,0,320
AL6,AL6,WUX,6390,XMN,3383,,0,321
AL6,AL6,WXN,6403,PVG,3406,Y,0,737
AL6,AL6,XFN,6360,NAY,6341,Y,0,737
AL6,AL6,XFN,6360,WUH,3376,,0,EMB
AL6,AL6,XIC,3396,KMG,3382,,0,737
AL6,AL6,XIL,6350,HET,6345,,0,320
AL6,AL6,XIL,6350,NAY,6341,Y,0,737
AL6,AL6,XIY,3379,CAN,3370,,0,320
AL6,AL6,XIY,3379,CGQ,4380,,0,320
AL6,AL6,XIY,3379,CKG,3393,,0,320 319
AL6,AL6,XIY,3379,CSX,3371,,0,320
AL6,AL6,XIY,3379,CTU,3395,,0,321 320
AL6,AL6,XIY,3379,CZX,4109,,0,320
AL6,AL6,XIY,3379,DLC,3404,,0,320
AL6,AL6,XIY,3379,DNH,4308,,0,320
AL6,AL6,XIY,3379,DSN,6434,,0,320
AL6,AL6,XIY,3379,DYG,6353,,0,320
AL6,AL6,XIY,3379,ENY,6367,,0,320
AL6,AL6,XIY,3379,FOC,3385,,0,320
AL6,AL6,XIY,3379,GOQ,6363,,0,319
AL6,AL6,XIY,3379,HET,6345,,0,320
AL6,AL6,XIY,3379,HFE,3389,,0,320
AL6,AL6,XIY,3379,HGH,3386,,0,321 320
AL6,AL6,XIY,3379,HKG,3077,,0,320
AL6,AL6,XIY,3379,HRB,3400,,0,320
AL6,AL6,XIY,3379,ICN,3930,Y,0,332
AL6,AL6,XIY,3379,INC,4085,,0,320
AL6,AL6,XIY,3379,JGN,6432,,0,320
AL6,AL6,XIY,3379,JGS,6428,,0,320
AL6,AL6,XIY,3379,JZH,4301,,0,319
AL6,AL6,XIY,3379,KHG,3397,,0,319
AL6,AL6,XIY,3379,KHN,3384,,0,320
AL6,AL6,XIY,3379,KMG,3382,,0,320 737 733
AL6,AL6,XIY,3379,KWE,3394,,0,320
AL6,AL6,XIY,3379,KWL,3372,,0,320
AL6,AL6,XIY,3379,LHW,3378,,0,320
AL6,AL6,XIY,3379,LJG,4033,,0,319
AL6,AL6,XIY,3379,LXA,4097,,0,319
AL6,AL6,XIY,3379,NGB,3387,,0,320
AL6,AL6,XIY,3379,NKG,3388,,0,320 321
AL6,AL6,XIY,3379,NNG,3373,,0,737
AL6,AL6,XIY,3379,PEK,3364,,0,321 320 333
AL6,AL6,XIY,3379,PVG,3406,,0,320 321
AL6,AL6,XIY,3379,SHA,3391,,0,320 321
AL6,AL6,XIY,3379,SHE,4144,,0,733
AL6,AL6,XIY,3379,SJW,6347,Y,0,737
AL6,AL6,XIY,3379,SZX,3374,,0,320
AL6,AL6,XIY,3379,TAO,3390,,0,320
AL6,AL6,XIY,3379,TNA,4108,,0,320
AL6,AL6,XIY,3379,TPE,2276,,0,320
AL6,AL6,XIY,3379,TYN,3369,,0,737
AL6,AL6,XIY,3379,URC,3399,,0,321 738 320
AL6,AL6,XIY,3379,UYN,6368,,0,319 320
AL6,AL6,XIY,3379,WNZ,6392,,0,737 320
AL6,AL6,XIY,3379,WUH,3376,,0,320 738
AL6,AL6,XIY,3379,WUX,6390,,0,320
AL6,AL6,XIY,3379,XMN,3383,,0,320
AL6,AL6,XIY,3379,XNN,6366,,0,319 320
AL6,AL6,XIY,3379,YNZ,6393,,0,320
AL6,AL6,XIY,3379,YZY,7987,,0,320
AL6,AL6,XMN,3383,CAN,3370,Y,0,738
AL6,AL6,XMN,3383,CZX,4109,,0,320
AL6,AL6,XMN,3383,HFE,3389,,0,320
AL6,AL6,XMN,3383,HGH,3386,,0,320 EMB
AL6,AL6,XMN,3383,KMG,3382,,0,737
AL6,AL6,XMN,3383,NAY,6341,Y,0,737
AL6,AL6,XMN,3383,NGB,3387,,0,320
AL6,AL6,XMN,3383,NKG,3388,,0,320
AL6,AL6,XMN,3383,PVG,3406,,0,320
AL6,AL6,XMN,3383,SHA,3391,,0,320 737
AL6,AL6,XMN,3383,WUH,3376,,0,320 737
AL6,AL6,XMN,3383,WUX,6390,,0,321
AL6,AL6,XMN,3383,XIY,3379,,0,320
AL6,AL6,XNN,6366,CGO,3375,,0,320
AL6,AL6,XNN,6366,CKG,3393,,0,320
AL6,AL6,XNN,6366,CTU,3395,,0,320
AL6,AL6,XNN,6366,GOQ,6363,,0,319
AL6,AL6,XNN,6366,PEK,3364,,0,320
AL6,AL6,XNN,6366,PVG,3406,,0,319
AL6,AL6,XNN,6366,XIY,3379,,0,320 319
AL6,AL6,XNN,6366,YUS,7894,,0,319
AL6,AL6,XUZ,4149,SHA,3391,,0,320
AL6,AL6,XUZ,4149,TPE,2276,,0,320
AL6,AL6,YBP,4110,KMG,3382,,0,733
AL6,AL6,YBP,4110,PVG,3406,,0,319
AL6,AL6,YCU,6430,NKG,3388,,0,320
AL6,AL6,YCU,6430,PVG,3406,Y,0,738
AL6,AL6,YCU,6430,TYN,3369,,0,737
AL6,AL6,YCU,6430,WUH,3376,,0,320
AL6,AL6,YIH,6361,SHA,3391,Y,0,737
AL6,AL6,YNJ,6414,PVG,3406,,0,320
AL6,AL6,YNJ,6414,TAO,3390,,0,320
AL6,AL6,YNT,3392,HKG,3077,,0,320
AL6,AL6,YNT,3392,HRB,3400,,0,320
AL6,AL6,YNT,3392,ICN,3930,,0,320
AL6,AL6,YNT,3392,KIX,3992,,0,320
AL6,AL6,YNT,3392,PEK,3364,,0,320 321
AL6,AL6,YNT,3392,PVG,3406,,0,320
AL6,AL6,YNT,3392,SHA,3391,,0,320
AL6,AL6,YNZ,6393,CSX,3371,,0,733
AL6,AL6,YNZ,6393,HKG,3077,,0,320
AL6,AL6,YNZ,6393,SHA,3391,,0,320
AL6,AL6,YNZ,6393,TPE,2276,,0,320
AL6,AL6,YNZ,6393,XIY,3379,,0,320
AL6,AL6,YUS,7894,XNN,6366,,0,319
AL6,AL6,YVR,156,PVG,3406,,0,332
AL6,AL6,YZY,7987,XIY,3379,,0,320
AL6,AL6,ZAT,6378,CKG,3393,,0,733
AL6,AL6,ZAT,6378,KMG,3382,,0,737 733
AL6,AL6,ZHA,6357,NAY,6341,Y,0,737
AL6,AL6,ZHA,6357,PVG,3406,Y,0,737
AL6,AL6,ZQZ,10940,SJW,6347,,0,320
AL6,AL6,ZUH,6355,PVG,3406,,0,738
AL6,AL6,ZUH,6355,SHA,3391,,0,320 321
AL6,AL6,ZYI,9846,NKG,3388,,0,320
AL6,AL6,ZYI,9846,WUH,3376,,0,320
